tick,eim_1d
1,-0.6643007657492142
2,-0.7250081814521498
3,-0.6922366070475294
4,-0.6882699356067182
5,-0.7971727539365969
6,-0.618036991237702
7,-0.6456422861424299
8,-0.6194819686912367
9,-0.6679898892599354
10,-0.6796675777643986
11,-0.780090883452818
12,-0.4126742428167258
13,-0.38977444783390147
14,-0.5161234648082724
15,-0.645288546656354
16,-0.65340160673049
17,-0.6169290189821768
18,-0.6907815743162732
19,-0.7462783168127833
20,-0.7367658418164371
21,-0.7227393724533047
22,-0.7778206517191604
23,-0.7227888753631808
24,-0.7452750775479161
25,-0.8726074034755663
26,-0.8281232455642902
27,-0.751583842018194
28,-0.7487646725224879
29,-0.39477435471077593
30,-0.48411845631163875
31,-0.619064642876737
32,-0.707412630230191
33,-0.7045210895325116
34,-0.664610389703929
35,-0.7592002155581346
36,-0.8061129909605621
37,-0.844369396334161
38,-0.835140454696213
39,-0.8313020786524523
40,-0.8869650375403597
41,-0.8898190364750311
42,-0.797477181213915
43,-0.42561787665816353
44,-0.44037339928280617
45,-0.5693259896831082
46,-0.33936424386439523
47,-0.3757802899635171
48,-0.5801554270148723
49,-0.6725338492254009
50,-0.7186491754017987
51,-0.70124952227459
52,-0.7842543267480105
53,-0.8113039969782421
54,-0.7522373168086507
55,-0.7098435197380808
56,-0.7099527105912148
57,-0.7269178901832221
58,-0.794289690969219
59,-0.7728482620806201
60,-0.6825343316248408
61,-0.6294148337230999
62,-0.6273822596897474
63,-0.6795241342385354
64,-0.6576589062619569
65,-0.7582175055376613
66,-0.8145575895797716
67,-0.7597473105372328
68,-0.8089879016714094
69,-0.8517182373728474
70,-0.8454814076916295
71,-0.841085939199124
72,-0.9151411071607287
73,-0.9513566966764565
74,-0.9414306818381803
75,-0.9345967317080509
76,-0.9157081955311842
77,-0.8553307786093187
78,-0.7994825446872385
79,-0.7999357819439423
80,-0.8989990937818636
81,-0.8987172259015459
82,-0.9292690897175215
83,-0.9029208804227323
84,-0.8934114261372932
85,-0.8613792263187323
86,-0.8457048178866841
87,-0.9050802634417233
88,-0.9214025341611992
89,-0.9394744831812762
90,-0.9156602689022182
91,-0.8622903364919432
92,-0.8762407532961114
93,-0.524971905321463
94,-0.45809585324690894
95,-0.5438744892572649
96,-0.6700181079993348
97,-0.7320842010497306
98,-0.7114531835586166
99,-0.741537785321231
100,-0.7330404503337475
101,-0.7463216985270449
102,-0.7370408475548087
103,-0.41083861013031153
104,-0.4108987513319211
105,-0.29019255359530327
106,-0.28882956076779764
107,-0.19705897585091492
108,-0.27809052786132116
109,-0.5190067543068706
110,-0.6361212227317934
111,-0.40741304905489983
112,-0.39606222564565163
113,-0.5272876045129342
114,-0.5724223393836855
115,-0.5571671060332073
116,-0.6452714255878537
117,-0.6616052853447478
118,-0.6285522633704854
119,-0.6375132968402398
120,-0.48568447600036946
121,-0.4680097607650032
122,-0.6053842059744666
123,-0.6288795630683077
124,-0.6765907280351164
125,-0.40191368860797383
126,-0.3378525337741891
127,-0.21790911227732035
128,-0.3245765860518166
129,-0.4885870999834162
130,-0.297385174590755
131,-0.24301326969663994
132,-0.3641312586112391
133,-0.418519061187666
134,-0.4216317193592831
135,-0.43640299725579756
136,-0.45346159452633716
137,-0.590096874875893
138,-0.6787557530065174
139,-0.7438287868895326
140,-0.7207570088363331
141,-0.6945271021496601
142,-0.7120693506408258
143,-0.7056039880756955
144,-0.7740571931159834
145,-0.7693920835225021
146,-0.8017381781873936
147,-0.827358222756666
148,-0.7856561342136723
149,-0.42077410181829333
150,-0.20859304779402232
151,-0.11505979841653058
152,-0.23770644346531644
153,-0.07614908201798931
154,-0.10974240685835113
155,-0.29904516102872625
156,-0.3944709718783872
157,-0.4436972661574744
158,-0.31298506453533526
159,-0.3251949288419832
160,-0.410680590603571
161,-0.42595904712144106
162,-0.40648966487674654
163,-0.43527608215378066
164,-0.45390838525631594
165,-0.5538498313575291
166,-0.5879373972748407
167,-0.5737416013461659
168,-0.5253118120843001
169,-0.5342849012545177
170,-0.2585284722145307
171,-0.2694490440395758
172,-0.39542196078311864
173,-0.44175206739223916
174,-0.5072289534621106
175,-0.6396016075208796
176,-0.6265893920310427
177,-0.5748072650101528
178,-0.5545499596103949
179,-0.641371469970848
180,-0.689066280276411
181,-0.6794445388169179
182,-0.6756911254040916
183,-0.7292309545772546
184,-0.764604436072709
185,-0.7156749761436636
186,-0.7288175450836588
187,-0.6567941050160551
188,-0.6767825951473891
189,-0.732606833627476
190,-0.8324951290864679
191,-0.7943406692165612
192,-0.7522654112989728
193,-0.7269322793283304
194,-0.7005042065862056
195,-0.7879969317465758
196,-0.8228563501952751
197,-0.8443353356533077
198,-0.7745258828431906
199,-0.580561689643027
200,-0.2668853173166944
201,-0.33461538281109404
202,-0.23702824211160156
203,-0.3674430464275674
204,-0.5283698630387367
205,-0.5401544323561016
206,-0.5362311548113641
207,-0.553944212084636
208,-0.565245659023839
209,-0.5874225840269947
210,-0.6902906307181449
211,-0.7119716609733643
212,-0.6645947206792373
213,-0.6568471477116686
214,-0.7326927838306976
215,-0.4428894004224453
216,-0.26232232054655313
217,-0.1357710105332729
218,-0.226444647353214
219,-0.350222933516933
220,-0.3958343007856121
221,-0.4363456881165998
222,-0.5444883090197488
223,-0.5819191340771726
224,-0.5745744012426481
225,-0.5726198722084839
226,-0.6739637668657631
227,-0.7399167462445378
228,-0.7550753761247169
229,-0.4428644019795477
230,-0.4176936031672033
231,-0.5892530341162985
232,-0.6378175504018595
233,-0.5854426540102516
234,-0.5647830883895657
235,-0.32141166039618485
236,-0.31649431252601534
237,-0.2150619014544486
238,-0.258163895754316
239,-0.3606940047098286
240,-0.41155584681122204
241,-0.5402164976313573
242,-0.3368100880114916
243,-0.38289835158142604
244,-0.4659775387115861
245,-0.5612445443023892
246,-0.582462138487625
247,-0.6373454750817641
248,-0.6240519042789217
249,-0.6575497773069405
250,-0.6539870655046439
251,-0.6842191166353727
252,-0.4304461565015064
253,-0.4155160663793118
254,-0.5856959165422131
255,-0.6648010063557075
256,-0.651194009950059
257,-0.5883256657103688
258,-0.5692666976300045
259,-0.5840485898019128
260,-0.6055712680935885
261,-0.6085537886723671
262,-0.6080860689131043
263,-0.6930886836836101
264,-0.6810829724499272
265,-0.6206119660034362
266,-0.6220422080438706
267,-0.7051396255205443
268,-0.6840286726914393
269,-0.6701819319373604
270,-0.6663287469440293
271,-0.6510102611420021
272,-0.7241675437098263
273,-0.7406188844596926
274,-0.7509336748756983
275,-0.7306138816707616
276,-0.7447034307434479
277,-0.7304794610083839
278,-0.68467365627855
279,-0.7527254880864177
280,-0.746785772002224
281,-0.7018889822788783
282,-0.7769674269316662
283,-0.7918171974834648
284,-0.8300814272920158
285,-0.8052363172430399
286,-0.4717476153688773
287,-0.4664106716201739
288,-0.5371523757961083
289,-0.4201623550468466
290,-0.4325182743092508
291,-0.2459015576041388
292,-0.268080644023613
293,-0.35746198977688315
294,-0.5037246926798304
295,-0.5426932198587312
296,-0.5257687820483674
297,-0.5331686082344289
298,-0.41063675558830526
299,-0.41369419301007304
300,-0.5167800101923915
301,-0.5525707820861048
302,-0.6406572680611802
303,-0.6539998394468696
304,-0.641292426624275
305,-0.704044219447926
306,-0.7337480715460939
307,-0.7630307710102368
308,-0.7620910349557102
309,-0.7807641672488106
310,-0.7485780890300602
311,-0.7098214787738123
312,-0.7128205958192015
313,-0.7696600178288118
314,-0.7943731889351519
315,-0.47391551216738237
316,-0.50554366345765
317,-0.7004661535219299
318,-0.6991536370099811
319,-0.6411282940935774
320,-0.6538475065979026
321,-0.638288109439025
322,-0.6451350894869041
323,-0.7276533397080159
324,-0.7396482633624551
325,-0.7535039416501526
326,-0.7253549171901537
327,-0.6999407197849639
328,-0.6943782426734981
329,-0.7784527558094667
330,-0.8295059038058186
331,-0.819495364802616
332,-0.7390881534041127
333,-0.7907166644803146
334,-0.7837611637488593
335,-0.8107532461004162
336,-0.8491607463004129
337,-0.9005826658043908
338,-0.8738635611177843
339,-0.8255348291731126
340,-0.8371518237321582
341,-0.839161645436806
342,-0.8907064864644877
343,-0.9153855290580563
344,-0.9527603775153985
345,-0.9017335267103566
346,-0.8656333515851384
347,-0.9054101352779256
348,-0.9304344260929209
349,-0.9112460125304132
350,-0.8848426617726413
351,-0.8664784334581311
352,-0.6960310228579817
353,-0.661322161679789
354,-0.6529593256019428
355,-0.7488414406308495
356,-0.8171822800750531
357,-0.8682918594736259
358,-0.8629120603579413
359,-0.8221274329540907
360,-0.7586197882555498
361,-0.7590241830062504
362,-0.7785952134337788
363,-0.46959368343457586
364,-0.5366191661411972
365,-0.6883373239741947
366,-0.7133540438014397
367,-0.7242947468024549
368,-0.7515919375997969
369,-0.7647381346805904
370,-0.7661690797343551
371,-0.7393117310404502
372,-0.7514904144669354
373,-0.831667517370376
374,-0.8719236183725549
375,-0.8680778045110293
376,-0.8186643192704454
377,-0.8492687453240796
378,-0.864040574099748
379,-0.8187780275843182
380,-0.6500750600169942
381,-0.7026568869792369
382,-0.7964431367018898
383,-0.4995040842826932
384,-0.5237472526297933
385,-0.6553368950950879
386,-0.6863524051651195
387,-0.748545518134082
388,-0.7926767138665117
389,-0.8159568135268239
390,-0.832031326177388
391,-0.8458409974303565
392,-0.7911647300621165
393,-0.743739338075615
394,-0.7547429911497318
395,-0.7869278784897716
396,-0.7974140715281733
397,-0.8000490114168178
398,-0.793982289658743
399,-0.7953406433887006
400,-0.49616850885013175
401,-0.5434337957394761
402,-0.6710234029362547
403,-0.7408144538276942
404,-0.7656903543209499
405,-0.7984590652590088
406,-0.7538764975058532
407,-0.7020839210596813
408,-0.7060818511052667
409,-0.7694007214107756
410,-0.7787220287114999
411,-0.7763656181659315
412,-0.818415850136821
413,-0.8208206429493229
414,-0.8384972460288832
415,-0.8411424902137026
416,-0.8114414342353797
417,-0.8177497131374385
418,-0.7809062964181797
419,-0.7773934236137205
420,-0.8001735360067908
421,-0.8503549815953741
422,-0.8320284827658262
423,-0.820835277080865
424,-0.8228057946774567
425,-0.8203452248207944
426,-0.8661935019709892
427,-0.8940148946952731
428,-0.9040674321993797
429,-0.8717018228223502
430,-0.9401689497602489
431,-0.9387532734337249
432,-0.8614881001402709
433,-0.8530701824175384
434,-0.8478513179512032
435,-0.7928760639912918
436,-0.8005404757644695
437,-0.8200391904768826
438,-0.8261120760099339
439,-0.669689723320973
440,-0.6749572016863925
441,-0.8230545861729373
442,-0.800333791190559
443,-0.7869500113970875
444,-0.7608031058105719
445,-0.8365110661523463
446,-0.8335874459498638
447,-0.8669785450950026
448,-0.9338484241780242
449,-0.9160969960726719
450,-0.8868236080621338
451,-0.8458284393617019
452,-0.8157251276433992
453,-0.8860734466443402
454,-0.8757523013805993
455,-0.8036761961065806
456,-0.7777080143279155
457,-0.788364412103272
458,-0.724531537545777
459,-0.7908691430334069
460,-0.8960710494980245
461,-0.9314376177306699
462,-0.8868076085210346
463,-0.9019787594208454
464,-0.9583603962946406
465,-0.969418708945669
466,-0.9861567662810494
467,-0.9963119208593335
468,-0.9985576638161164
469,-1.0
470,-0.9663016527229858
471,-0.9550018142191637
472,-0.9372362218153864
473,-0.9629287749716906
474,-0.9116488669951037
475,-0.9442649421027581
476,-0.6244822809562103
477,-0.6288375817767765
478,-0.7508835484583216
479,-0.8366351704953956
480,-0.7002918717719997
481,-0.7451847598573478
482,-0.8237222130137865
483,-0.8713040946843116
484,-0.8838208378879956
485,-0.8784161541748821
486,-0.8728918212471558
487,-0.8545797987979923
488,-0.8213489738806902
489,-0.8803009022034544
490,-0.9265615189770297
491,-0.8932093326123507
492,-0.8510839660344632
493,-0.8788936528978142
494,-0.9295587029155439
495,-0.8821950337583182
496,-0.8744537800893604
497,-0.818241706002387
498,-0.764171828159981
499,-0.7721899389658539
500,-0.7795808661846659
501,-0.7960140176690015
502,-0.7682479114818355
503,-0.7566570085821503
504,-0.787555078561741
505,-0.822611265922996
506,-0.6764638666214351
507,-0.7313014401893068
508,-0.8650916341240965
509,-0.9116512233382204
510,-0.8838642491331534
511,-0.8643155006512496
512,-0.8350621179261137
513,-0.8447480007581598
514,-0.855485786362937
515,-0.9060737711142487
516,-0.9084219641400432
517,-0.5616005887518676
518,-0.5545078933168412
519,-0.6728706706991265
520,-0.7964971501885437
521,-0.8675848238321363
522,-0.8488598745426795
523,-0.8816387478224326
524,-0.9155990369600229
525,-0.9153841511169436
526,-0.8688782368235719
527,-0.856551214830735
528,-0.8530666642863733
529,-0.8236617451750817
530,-0.8911984816323077
531,-0.8554302968380822
532,-0.8824178283344675
533,-0.9503933456254452
534,-0.9358196674481752
535,-0.8673653119302742
536,-0.8225082418976857
537,-0.8322313090853062
538,-0.8423661481210843
539,-0.8312743665289947
540,-0.8866221924047195
541,-0.8946614531446718
542,-0.8939626157008931
543,-0.5658850795443873
544,-0.5359400171441976
545,-0.707290734406602
546,-0.7420835123887408
547,-0.7909879506563765
548,-0.8471262964896566
549,-0.8778686411230197
550,-0.8235385966014438
551,-0.8217516521790472
552,-0.5336799820672324
553,-0.5337275657609835
554,-0.6792204606077145
555,-0.6881492114473968
556,-0.7101053158840478
557,-0.584643822730377
558,-0.5530165863314136
559,-0.5964577241512301
560,-0.6127559243913179
561,-0.6095301573990825
562,-0.6407683634205095
563,-0.6540602783226298
564,-0.6838475255790697
565,-0.6877744422982275
566,-0.7202941670675348
567,-0.7460858370384061
568,-0.7376808917105151
569,-0.7684540546815722
570,-0.7698426050919454
571,-0.7461550130297734
572,-0.7368680043167302
573,-0.7381498314456112
574,-0.8333335230552473
575,-0.8934231836637943
576,-0.9173577323594199
577,-0.9316992089765258
578,-0.8904815798303752
579,-0.8673439844561961
580,-0.8541137522831066
581,-0.6946430925374427
582,-0.3638863309983481
583,-0.4245569629220629
584,-0.32842230917138393
585,-0.34990364836605037
586,-0.4732102673344243
587,-0.5670477024803013
588,-0.6222966354732555
589,-0.612812407058328
590,-0.6313201955682926
591,-0.6715695456949253
592,-0.6937642575958544
593,-0.4258237075753448
594,-0.40741667817342997
595,-0.5929484642561007
596,-0.6942801291589579
597,-0.7431142638694441
598,-0.7742070750072655
599,-0.7747795732289681
600,-0.7943457659663439
601,-0.8740340652919814
602,-0.9058707736060403
603,-0.8591436731617106
604,-0.8010955080325229
605,-0.764347757021203
606,-0.7765317200185216
607,-0.804587677017406
608,-0.8010465897418851
609,-0.799201257223868
610,-0.724246997294301
611,-0.6968704964723552
612,-0.7398677485448216
613,-0.7472145858299712
614,-0.7348962025022641
615,-0.7106726976104418
616,-0.7054035829735785
617,-0.8024453041494719
618,-0.8668236296644192
619,-0.8937298626014439
620,-0.5765777244378667
621,-0.529965065403418
622,-0.6155105175795521
623,-0.6821057484564139
624,-0.721270224570126
625,-0.7980392230097251
626,-0.760725093159017
627,-0.7511717560832492
628,-0.748571184109301
629,-0.7529680172032516
630,-0.7207649739305603
631,-0.70399379893089
632,-0.7913661820332989
633,-0.8498536402616275
634,-0.6899199459534613
635,-0.6713038960386228
636,-0.791017907313001
637,-0.8540058653327646
638,-0.8815208949580703
639,-0.8509537866878767
640,-0.8357821846560046
641,-0.8133181066841871
642,-0.8095005661560881
643,-0.8174088953836767
644,-0.8728305551651914
645,-0.8764027731684821
646,-0.8494311041323247
647,-0.9049970350284067
648,-0.8981738313559132
649,-0.8735689066958223
650,-0.8551067039489554
651,-0.5456379721196393
652,-0.5423099520978224
653,-0.6776478092744389
654,-0.7892185721046407
655,-0.8692108280263714
656,-0.5877279505560314
657,-0.5104064711949858
658,-0.6589869335041416
659,-0.7229461584252748
660,-0.7748170639134997
661,-0.535885104104526
662,-0.5204441187919099
663,-0.6652373981726682
664,-0.7403296033712748
665,-0.718449870453812
666,-0.5629119523478503
667,-0.5450699114740015
668,-0.5831423340668151
669,-0.6736122604084458
670,-0.6747878137694394
671,-0.6814034940572826
672,-0.6601096096591101
673,-0.6118869352296926
674,-0.6858952449241652
675,-0.45191146475939814
676,-0.4888454486868401
677,-0.633695590005459
678,-0.665932124921716
679,-0.6980421388143188
680,-0.7214591857785174
681,-0.4748977467006241
682,-0.32620531284811527
683,-0.3739359512616114
684,-0.4000658214287175
685,-0.5076008554850968
686,-0.5845163642953737
687,-0.5806149519810058
688,-0.6504625197958396
689,-0.6050205359964674
690,-0.5708799148195618
691,-0.5508192514373131
692,-0.6004075293507758
693,-0.37581147095142386
694,-0.39957262444866104
695,-0.5228514625080882
696,-0.5588129286428696
697,-0.565416663319817
698,-0.5478510474345757
699,-0.6302358541719675
700,-0.3298237930844953
701,-0.11347620199587849
702,-0.21538560377244198
703,-0.34712278370046423
704,-0.41730528403378075
705,-0.21584318540668657
706,-0.26085777313544223
707,-0.3684051666361484
708,-0.15583341757534086
709,-0.1819836846147972
710,-0.10824222313462906
711,-0.17685650045660262
712,-0.3168951853795756
713,-0.17481208756766253
714,0.0739657438754373
715,0.15291318026248946
716,0.035890713950925246
717,-0.08982180019399
718,-0.20754681004191056
719,-0.25107426441328606
720,-0.22335105722597304
721,-0.24603888855958755
722,-0.16204303631773487
723,0.04722222199901416
724,0.07444493785539175
725,-0.01769665233295803
726,-0.15157586663512523
727,-0.2440139510053101
728,-0.048152345546144226
729,-0.045076288816864096
730,-0.1572642279612695
731,-0.06402980026806482
732,-0.10349622425964133
733,-0.16607474370247088
734,0.004543784988684019
735,-0.03127404140858914
736,0.11110174682611529
737,0.1039313509625448
738,-0.038630809012420886
739,0.07871405767647421
740,0.030588131636463567
741,0.08065999895468035
742,0.035478368849517716
743,-0.032450928183541894
744,0.07887861679670816
745,0.2835654917896384
746,0.17722965994915874
747,-0.037403092000153904
748,-0.1301026369921936
749,-0.16904195470191186
750,-0.19850177317649886
751,-0.22413073784819448
752,-0.21864066163046458
753,0.015010169287777098
754,0.11916616415286163
755,0.2125250262076901
756,0.11250712240345129
757,0.14320372419409821
758,0.05539071027594544
759,0.09408019517453137
760,0.08297454381091018
761,-0.0446426169288513
762,-0.09322885880249465
763,-0.10312381496126499
764,-0.14099072963274417
765,-0.2895064803050301
766,-0.25800532101102314
767,-0.23842792001195645
768,-0.3106870597774307
769,-0.30069326991595946
770,-0.28651504311463716
771,-0.33890226167401705
772,-0.454447125477383
773,-0.4432713867688275
774,-0.4003723408537895
775,-0.39049277789753034
776,-0.39697224525338504
777,-0.37732485231280377
778,-0.3517656989454563
779,-0.08318828651984655
780,0.08301544161230101
781,-0.10004147845697053
782,-0.25713641492172623
783,-0.05133335262847505
784,-0.10866647649484462
785,0.011152061594934759
786,-0.10731968067311504
787,-0.022597341635644197
788,0.10812833417476342
789,0.15647261724155404
790,0.18384190025223845
791,0.1484633646526381
792,0.03521961520160266
793,-0.07443329326270776
794,-0.1073287828364059
795,-0.17771956590483584
796,-0.19515321371730954
797,-0.18459833036239903
798,-0.30252657471241007
799,-0.3263928478969145
800,-0.3025112096352478
801,-0.16996695882156065
802,-0.12298745366507047
803,0.020419914855413168
804,-0.04979221946070134
805,-0.15418025760114307
806,0.07133586026188743
807,0.21878605127586437
808,0.12808967389636372
809,-0.020628945264869802
810,-0.07442432009983202
811,-0.21616399659584584
812,-0.2805431737570494
813,-0.21942617748256
814,-0.20873575884312068
815,-0.02302509488595572
816,0.20172862926295143
817,0.012859046982153455
818,-0.11427868290688614
819,0.06669343251177762
820,0.19620860980939137
821,0.3143332653790256
822,0.2083001618436795
823,0.0794553221334402
824,-0.09230095930414739
825,-0.1949863048571514
826,-0.14035898861201812
827,-0.12311519236268853
828,-0.14338316333221024
829,0.03301009114918774
830,0.1545812534114599
831,0.04063950344963385
832,-0.019282285055821302
833,-0.05596483465293278
834,0.06513523831928802
835,0.2786980154091352
836,0.08889754271039751
837,-0.08431754317531492
838,-0.2154620416858286
839,-0.298572383419464
840,-0.10886795400721827
841,-0.02839088356629782
842,-0.18873685371653826
843,-0.23770970679500636
844,0.009444758627702887
845,0.18598427825930086
846,0.2179624852756301
847,0.23530871586216118
848,0.3582488448200034
849,0.22546940438433816
850,0.12739082820245806
851,0.19300393389326498
852,0.2083820606026192
853,0.15806458531753909
854,0.28870340069887757
855,0.3232484812443246
856,0.37493616683354314
857,0.2755310810469638
858,0.23186309269318173
859,0.21226598530304708
860,0.08348069672751035
861,0.18677398926512012
862,0.2548968466595867
863,0.22640722389280254
864,0.14825635227897305
865,0.02950134482502187
866,0.2171651902311038
867,0.2524811383303951
868,0.10173623376429108
869,0.04734258271328606
870,0.061336411369950605
871,0.243225791881986
872,0.3930678984198277
873,0.41133323257223964
874,0.3446859897891763
875,0.22243531254895266
876,0.236578708944291
877,0.3417108418904997
878,0.3073844621893187
879,0.3364046277272379
880,0.23895988383410738
881,0.10973261722841432
882,0.2904160018004245
883,0.4244689635776202
884,0.4707412876546455
885,0.49455824722526587
886,0.4061878668487906
887,0.4349999556719639
888,0.3532859028007036
889,0.4192477344084333
890,0.5358972800501565
891,0.3209765579102857
892,0.17831865339458441
893,0.033562419592988224
894,-0.022830388812102864
895,0.17924025327647897
896,0.183516747624745
897,0.11099085579549706
898,0.0712802577497067
899,0.22127461444316876
900,0.392234393972841
901,0.4319913494851477
902,0.3273742093784857
903,0.3449972199761655
904,0.28295159494306943
905,0.1689630759438736
906,0.1193784263333233
907,0.08334200167494465
908,0.0789343883627287
909,0.22168061519893656
910,0.4061330485109924
911,0.21861856942616908
912,0.24105147207890987
913,0.22101678249388446
914,0.3254998262242941
915,0.29497150111237214
916,0.3383250125991788
917,0.28059428477854365
918,0.20215760095820734
919,0.19794771444185044
920,0.11933944235277072
921,0.07105225887857336
922,0.06339691825593796
923,0.044415731247642976
924,0.2323134943054026
925,0.3350911560585421
926,0.4077272377582022
927,0.4605352278033399
928,0.3701432364088524
929,0.39286214850642565
930,0.5210744020717584
931,0.4516459406335094
932,0.3633704479588642
933,0.4405951740837606
934,0.485998889128582
935,0.40329239653903204
936,0.2936520175210362
937,0.372328305907176
938,0.3489568637887277
939,0.25774700111875704
940,0.39363950530225433
941,0.3048299188602175
942,0.20652673835739344
943,0.27537568648386457
944,0.3745644707818818
945,0.38988661413465864
946,0.49852923939531313
947,0.5575699460655459
948,0.49954555549385193
949,0.5176035622550763
950,0.5631443118704966
951,0.5775304511802102
952,0.5848734798352047
953,0.490460319601415
954,0.32823176208465066
955,0.45883538329631435
956,0.5743388015397781
957,0.5867610431904238
958,0.4935701402267172
959,0.4822998139766139
960,0.3707830624140289
961,0.30286877262759493
962,0.4189974201711715
963,0.3897015419984238
964,0.4882841144833858
965,0.46126751432701174
966,0.3035946344920941
967,0.2041094273431745
968,0.31326722654666694
969,0.4690124802659461
970,0.5044227582811187
971,0.5818454346709547
972,0.378975163671615
973,0.1767800750115589
974,0.13581098242503087
975,0.06514857762916404
976,0.17736344087582956
977,0.12609806998650774
978,0.11450227283834757
979,0.22490992062815462
980,0.2787792964569289
981,0.23324553755613686
982,0.17721852684234474
983,0.11579790128421585
984,0.1838788522732182
985,0.16398653433906585
986,0.3117135039327634
987,0.16909587879882548
988,0.23124407350021037
989,0.15223087426660586
990,-0.028045411476743
991,-0.031241389757772464
992,-0.003131524263551566
993,0.20855121089471274
994,0.2017660993313095
995,0.2263011881200181
996,0.26591537272034915
997,0.3239621562100836
998,0.2425782598803381
999,0.24786444939580576
1000,0.41444745562352536
1001,0.4019641560624285
1002,0.4791717975181904
1003,0.4944649116783171
1004,0.383950862694149
1005,0.2968158994071348
1006,0.4296481720145906
1007,0.36559387382124986
1008,0.41580927925788536
1009,0.5058284663332817
1010,0.3874430907267059
1011,0.1761125752622803
1012,0.013402593080225955
1013,-0.013594024573086116
1014,0.06512491759152406
1015,0.0558347155866199
1016,0.23782440675581462
1017,0.18924003912582554
1018,0.28762015262039475
1019,0.26834763552685126
1020,0.33201285566263894
1021,0.2988362726045688
1022,0.15900729793269175
1023,0.07949125155486736
1024,0.22697386685177423
1025,0.3438288557638367
1026,0.2697177253915397
1027,0.2740658952029684
1028,0.4024933543676692
1029,0.5447536553227874
1030,0.5605029291858208
1031,0.5835850941775418
1032,0.47470371203334905
1033,0.35032683208751303
1034,0.2874884169742882
1035,0.13658038988915
1036,0.26494798921702656
1037,0.25484298084000345
1038,0.28016210988460677
1039,0.451484138478047
1040,0.2978102604956385
1041,0.2676161246626143
1042,0.1751798409975407
1043,0.07652485328512548
1044,0.004028484546223288
1045,0.0221351431702288
1046,0.2301678630424988
1047,0.15463302846002702
1048,0.011106727597848032
1049,-0.12559606634687948
1050,0.0869058773599305
1051,0.08765472530959739
1052,0.20433867325722632
1053,0.3726880995254813
1054,0.2613621980299572
1055,0.3183315815422447
1056,0.3890355490509798
1057,0.46241863118747273
1058,0.3487606239375167
1059,0.37650232571566455
1060,0.5120465575297892
1061,0.5492509905205567
1062,0.4400614536025027
1063,0.27256814876023916
1064,0.22382351294835057
1065,0.3290336653626835
1066,0.3794910792711852
1067,0.20484582591524392
1068,0.306850477928551
1069,0.33363594644989614
1070,0.14911376100484142
1071,0.09112104420869183
1072,0.2649689931662804
1073,0.2753510105455883
1074,0.38445566384139296
1075,0.24917880326443242
1076,0.30161937255763394
1077,0.2922606742072793
1078,0.1733257869321212
1079,0.02691708587008934
1080,0.05992562539213342
1081,0.09331732738183307
1082,0.04735854023080521
1083,0.15468484711072583
1084,0.057456610829993426
1085,0.044117418423083476
1086,-0.023551864984929338
1087,-0.012168540230985792
1088,0.023681129228612763
1089,0.12600330408980498
1090,0.310187551964072
1091,0.45621652180448646
1092,0.4867160699059472
1093,0.35551933544913705
1094,0.13761498895525004
1095,0.05389404128073827
1096,0.006935896805534192
1097,-0.016113273810226092
1098,-0.008842335160409442
1099,0.17517656840378315
1100,0.30466698058771713
1101,0.36059673629344124
1102,0.3946286524054945
1103,0.44802001731563856
1104,0.5583966453700966
1105,0.587981680811791
1106,0.5619156459565913
1107,0.6343582009839335
1108,0.6411087513955456
1109,0.6708360073849524
1110,0.5256543066196655
1111,0.36660762339807684
1112,0.4335970252215289
1113,0.35614262815674413
1114,0.2366487135903621
1115,0.33223413417980785
1116,0.22786414990722625
1117,0.08848273829449993
1118,0.04861853636961366
1119,0.2574160262775671
1120,0.30612405501690043
1121,0.3870664084129163
1122,0.4751985825596077
1123,0.3983593670614476
1124,0.2771181675330623
1125,0.10934036813352321
1126,0.2403781952629198
1127,0.3117102367008391
1128,0.2717032395781862
1129,0.13507132560707547
1130,0.04603459880366767
1131,0.05732200428275602
1132,0.06364040393801984
1133,0.030131974615520196
1134,0.04129463632622454
1135,0.23935767561634558
1136,0.36523347106396153
1137,0.45168698892069314
1138,0.5356453721543699
1139,0.4211020827249099
1140,0.4046799416277356
1141,0.253539726591663
1142,0.3374308348521966
1143,0.449945137761913
1144,0.43414342038413656
1145,0.3821142725870148
1146,0.47398401746439056
1147,0.4358957468601832
1148,0.5048240294860045
1149,0.44311089509454926
1150,0.3225048145646683
1151,0.24778474241303483
1152,0.3799349976116564
1153,0.37590727986675687
1154,0.3876478511044541
1155,0.3603807812714761
1156,0.45197657893087695
1157,0.31152133619108047
1158,0.21965534116821606
1159,0.12910444941680144
1160,0.26393755423031307
1161,0.2831486216617245
1162,0.20808733060969176
1163,0.17274112363578897
1164,0.3124951977373811
1165,0.4244430585142849
1166,0.46587147931103434
1167,0.4395900658320129
1168,0.3289737041090921
1169,0.2266344314615003
1170,0.3831759683853453
1171,0.495992948532457
1172,0.5659707374234226
1173,0.5970853152221032
1174,0.6672710577186574
1175,0.5657773284127059
1176,0.43259927615728744
1177,0.5066571985581139
1178,0.43032380806502
1179,0.27873358331668996
1180,0.38371003441548956
1181,0.49414738867774255
1182,0.5375850950233576
1183,0.565535305252755
1184,0.6518232884693365
1185,0.6835731675471832
1186,0.5088114620130093
1187,0.3602528890433623
1188,0.2904222665095364
1189,0.2590647397203849
1190,0.3998448479161285
1191,0.4994542793871588
1192,0.3920000666336396
1193,0.48726798937741433
1194,0.4297364365948
1195,0.4823872549024877
1196,0.42136472233464306
1197,0.3284757087626273
1198,0.2661272261495138
1199,0.40725563020863187
1200,0.5526793283294287
1201,0.4196393569711401
1202,0.28468456892690597
1203,0.39611543386783943
1204,0.4052077325409311
1205,0.2997282436064421
1206,0.3933897187527129
1207,0.41202742520584357
1208,0.5103850262691678
1209,0.6002633581737988
1210,0.6125086232530055
1211,0.5277066208714873
1212,0.538774587682533
1213,0.43776648439341015
1214,0.46260415117205134
1215,0.5411168947729195
1216,0.4614546717321195
1217,0.36369142577725033
1218,0.36878163622070503
1219,0.45008018688970286
1220,0.37652695772695477
1221,0.38861224787383075
1222,0.5110550684443138
1223,0.43874545369122187
1224,0.47037464508217086
1225,0.5662732943004376
1226,0.6020095052640864
1227,0.5481999705252549
1228,0.5624100478613123
1229,0.6039623088287553
1230,0.6399119456846141
1231,0.7412964873660268
1232,0.7326413070689957
1233,0.6160744427614764
1234,0.49937000178510704
1235,0.6065442270368033
1236,0.6932908038423207
1237,0.7187850042288246
1238,0.6252806363058192
1239,0.6637477172099346
1240,0.7392662865532698
1241,0.6385381764905413
1242,0.6624076284393341
1243,0.5713654807270985
1244,0.6118246278970836
1245,0.7098225568570238
1246,0.512409089490421
1247,0.5271890540656314
1248,0.6235475039382694
1249,0.5308608737033103
1250,0.595557020386982
1251,0.6844902250052816
1252,0.6976619383035731
1253,0.5806440022445725
1254,0.510120740851211
1255,0.5751866575330566
1256,0.654176767781125
1257,0.5943819375711639
1258,0.6133381890821135
1259,0.6628810808934067
1260,0.6800075129070899
1261,0.5500316149339444
1262,0.5587312657927082
1263,0.7098830506598137
1264,0.739858792597317
1265,0.5208191758902838
1266,0.37335780309428035
1267,0.4821158601799176
1268,0.5831126326890015
1269,0.6219929967959426
1270,0.5772181784416712
1271,0.6647756550393822
1272,0.7350151041552524
1273,0.7655694265726405
1274,0.7566967579624615
1275,0.7484423489323104
1276,0.6105209033698265
1277,0.6095863369025221
1278,0.47698071646182494
1279,0.503620154322447
1280,0.6102249439766949
1281,0.5245407382240703
1282,0.4376215902622702
1283,0.3795515477601934
1284,0.3382261223511962
1285,0.5044043825235276
1286,0.6253356486654389
1287,0.5412864575427863
1288,0.5620327814851467
1289,0.5432610363634292
1290,0.5638611242788243
1291,0.6323894450563978
1292,0.661808793194947
1293,0.4535371459645057
1294,0.2767797226317448
1295,0.19840677642165883
1296,0.2677207607575265
1297,0.1882776478151007
1298,0.30167224805468806
1299,0.5199379911529605
1300,0.6022972064185355
1301,0.6518469861228711
1302,0.6565862979466597
1303,0.668738838447162
1304,0.722835604168143
1305,0.536507561642315
1306,0.43114755781828573
1307,0.40796280726937906
1308,0.5071455970051386
1309,0.3977897154793637
1310,0.33945431926213065
1311,0.46139176697963014
1312,0.5476242125521062
1313,0.5134052855997937
1314,0.5405873565909525
1315,0.44789340737293704
1316,0.543987018418405
1317,0.4836117124650381
1318,0.4060547776188759
1319,0.5019859916857887
1320,0.6355225806383067
1321,0.6781877117181889
1322,0.6255929711878323
1323,0.6333817250418203
1324,0.5606519629588755
1325,0.4616476087328032
1326,0.5300577415619869
1327,0.4056356215460293
1328,0.4400117505973562
1329,0.5412287540675622
1330,0.5823173205256218
1331,0.6058838470609724
1332,0.5508990720451019
1333,0.513014308637963
1334,0.6446450030390238
1335,0.7053496504960268
1336,0.6955025149910354
1337,0.6916261096603358
1338,0.5600765685016098
1339,0.5626906363997077
1340,0.6224915771239221
1341,0.7385918461937242
1342,0.7866387728941922
1343,0.7924834817882156
1344,0.7694684815687833
1345,0.7851271530418342
1346,0.8348974703904835
1347,0.7597848833670913
1348,0.770957274885081
1349,0.8128437116948628
1350,0.6905361525934353
1351,0.4817229224396975
1352,0.40588162698937946
1353,0.4282455907920555
1354,0.5666304817244965
1355,0.5483123368665308
1356,0.6028000438947714
1357,0.6709708259091174
1358,0.7426237132781386
1359,0.7651722537373415
1360,0.7843507322541494
1361,0.7774184030119358
1362,0.6946259560334016
1363,0.6747071114474505
1364,0.6330734719140167
1365,0.5534963139166773
1366,0.6378840668090409
1367,0.7554842917261619
1368,0.8103487363657289
1369,0.7895656537047884
1370,0.6803706277076695
1371,0.5669577251009761
1372,0.6598221992160391
1373,0.7497955065510242
1374,0.7392534654515555
1375,0.7259370301677255
1376,0.6530625736980105
1377,0.5941805900505084
1378,0.5119742357111488
1379,0.6226395705693892
1380,0.7016202543547903
1381,0.6369018892507952
1382,0.5724651099419029
1383,0.6008447389343712
1384,0.5298990995281525
1385,0.5153771370093674
1386,0.6478522626352161
1387,0.7667617935144275
1388,0.6451996044379689
1389,0.6730894192862427
1390,0.7202091562514932
1391,0.5763143683711369
1392,0.6277136204503091
1393,0.7582808519981725
1394,0.7231261606131696
1395,0.7468934404684875
1396,0.697068039935715
1397,0.7167762182584188
1398,0.7840507275242381
1399,0.7676993929833553
1400,0.7309027301922844
1401,0.7339929254594575
1402,0.6600332754493168
1403,0.5152409160705365
1404,0.4800233250996475
1405,0.48758387290229876
1406,0.4565773415306944
1407,0.5816475518130033
1408,0.6791154841023901
1409,0.6092894734184047
1410,0.49041639105875245
1411,0.5737287208408755
1412,0.6731754690518543
1413,0.71868004116037
1414,0.7414610951344365
1415,0.8321624996781267
1416,0.844076694982782
1417,0.8329974079518743
1418,0.8309961469736566
1419,0.8213649543788475
1420,0.786500199619844
1421,0.7157297645358045
1422,0.522538244091103
1423,0.5126380846295975
1424,0.5354505023606526
1425,0.6369550053605144
1426,0.698902508320224
1427,0.7400691730544195
1428,0.8424627813658196
1429,0.795078818395488
1430,0.7058995188746819
1431,0.7791067457558238
1432,0.7212545508205317
1433,0.7092807136719212
1434,0.6739068513201238
1435,0.747983824061272
1436,0.7169518717368502
1437,0.6266322120244774
1438,0.5750280467335847
1439,0.49466293727342014
1440,0.4728725412482515
1441,0.6183943709983915
1442,0.7190763174430554
1443,0.6489075237684623
1444,0.7098711353826583
1445,0.6679234572135639
1446,0.6737455118115603
1447,0.7618844217340146
1448,0.6856963760382291
1449,0.5665844682710803
1450,0.5099234711016367
1451,0.6374519047782174
1452,0.6478594062485834
1453,0.579409163320165
1454,0.4696903076890675
1455,0.5349395165975555
1456,0.5255579537507047
1457,0.6254912146158667
1458,0.703326507654283
1459,0.6202206698510788
1460,0.5786332947372672
1461,0.5474548091196931
1462,0.6599618756099079
1463,0.719742420611222
1464,0.6646428482540765
1465,0.7395334484471547
1466,0.6937127812839297
1467,0.6776798598646168
1468,0.7227867010883142
1469,0.8048377219583582
1470,0.8368364590772612
1471,0.8279160039556395
1472,0.8798251807762223
1473,0.858890480284868
1474,0.7979477233562426
1475,0.8589437306036736
1476,0.8782640566278308
1477,0.7960194539129366
1478,0.84636581288444
1479,0.9239944431979616
1480,0.8127578757205229
1481,0.6362289722296803
1482,0.5979050684647906
1483,0.6628661620514131
1484,0.590665689168949
1485,0.6793283732462223
1486,0.683186159168218
1487,0.7314283256813621
1488,0.6814024990053513
1489,0.7150904542297347
1490,0.7816669635129321
1491,0.8069719487914258
1492,0.7254780428178167
1493,0.7961829877181787
1494,0.7098719532819153
1495,0.7284757730990712
1496,0.7939264279026794
1497,0.8156302424578306
1498,0.8266557067870892
1499,0.8523265591717963
1500,0.8597175558849932
1501,0.937414039230019
1502,0.9265676645265204
1503,0.8018876753887814
1504,0.8170917739389563
1505,0.7593128001472127
1506,0.7767373941097091
1507,0.827265034775351
1508,0.8433854578940843
1509,0.8583878892971377
1510,0.8667003234057524
1511,0.8727170552831807
1512,0.872506044791509
1513,0.8717447405525465
1514,0.8046610678652795
1515,0.8054526236775248
1516,0.8467865588592336
1517,0.9412393945495636
1518,0.9599683472902725
1519,0.9312920401142002
1520,0.8439019970541781
1521,0.9014541803475067
1522,0.8396347088161125
1523,0.8196637401196629
1524,0.759507725114626
1525,0.7545506638680912
1526,0.8337628398457426
1527,0.9311084222816062
1528,0.9515682644494614
1529,0.9773547905141886
1530,0.9827712198854204
1531,0.9622314936768672
1532,0.9484078106332505
1533,0.9387005387956591
1534,0.931337248514617
1535,0.9254454325403352
1536,1.0
1537,0.9180821644766648
1538,0.8947311225321597
1539,0.8647734206376392
1540,0.7804209493499084
1541,0.8105722342262716
1542,0.8725873102228257
1543,0.8936771906315308
1544,0.8961472933455963
1545,0.8671092521622934
1546,0.7907833056350366
1547,0.8224087515758229
1548,0.8488439767637799
1549,0.824053540050615
1550,0.8678973804885257
1551,0.804233714405791
1552,0.8173255738297704
1553,0.8624234557112929
1554,0.8766095784688162
1555,0.7669187038048002
1556,0.6557189974889406
1557,0.7160329386702453
1558,0.7883255264680147
1559,0.7850894524696708
1560,0.5962067962075748
1561,0.546731702687564
1562,0.65944306671916
1563,0.6909817885547025
1564,0.7188505549370707
1565,0.665090187335666
1566,0.7836036480352386
1567,0.7886362423327489
1568,0.6834788804920235
1569,0.6156940126596389
1570,0.5905295852636265
1571,0.5578127837540994
1572,0.5262335830735132
1573,0.517799327245428
1574,0.5089221064601879
1575,0.48763163241212504
1576,0.6034332960544053
1577,0.6982178487696775
1578,0.6374842328852166
1579,0.6660529841967409
1580,0.7601327586049489
1581,0.6517047027080813
1582,0.6777250724840174
1583,0.7449239679163839
1584,0.776716837202706
1585,0.795605271002489
1586,0.7178657775109993
1587,0.6281065380997009
1588,0.46808087253630926
1589,0.4315513680887968
1590,0.44745876937146334
1591,0.44305857669587634
1592,0.43416964964439164
1593,0.6177981334848357
1594,0.608245624345437
1595,0.5190550048861948
1596,0.4698720318066212
1597,0.44356088107423597
1598,0.42708487611676516
1599,0.41262209056317856
1600,0.540308542291982
1601,0.5264099397721469
1602,0.46861940121279844
1603,0.4378359634999138
1604,0.4483798950925366
1605,0.4554264686164775
1606,0.4768380462094408
