cell_idx,memory_weight,opinion_amplifier,affect_eim_alpha,affect_decay,gov,news,reddit,ordering_holds,reddit_minus_gov,cohen_d
0,0.1,0.0,0.05,0.9,-0.5084616157148941,-0.4293284520351187,0.06747532276888113,True,0.5759369384837753,21.496982958253597
1,0.1,0.0,0.05,0.95,-0.4572802285697189,-0.38688669382277674,0.4036639375275022,True,0.860944166097221,36.425341778482476
2,0.1,0.0,0.05,0.99,-0.38232800186785004,-0.22592279414975724,0.8889147794417311,True,1.2712427813095812,44.07026572986568
3,0.1,0.0,0.1,0.9,-0.541378404677823,-0.44562470856679426,0.37866839838795224,True,0.9200468030657754,34.05940559070003
4,0.1,0.0,0.1,0.95,-0.5248676302819064,-0.40144479559584817,0.6747872234979246,True,1.199654853779831,60.91369312544844
5,0.1,0.0,0.1,0.99,-0.49077930359315686,-0.31621609119704785,0.941289581011195,True,1.4320688846043519,74.10247122921669
6,0.1,0.0,0.2,0.9,-0.6034555839873554,-0.4433737552512621,0.678355366116717,True,1.2818109501040724,57.7108073820549
7,0.1,0.0,0.2,0.95,-0.6014183322462467,-0.40410868653697796,0.8269376405783749,True,1.4283559728246216,76.06947455619989
8,0.1,0.0,0.2,0.99,-0.5941072674105621,-0.36222612766825935,0.956028599081491,True,1.550135866492053,83.56974683530261
9,0.1,0.3,0.05,0.9,-0.3972462504400321,-0.31072959439729403,0.1697355187040107,True,0.5669817691440429,17.953961607260407
10,0.1,0.3,0.05,0.95,-0.36036668616932926,-0.23684417636298444,0.5146782881053193,True,0.8750449742746487,27.341176545524615
11,0.1,0.3,0.05,0.99,-0.29456965489725195,-0.036568653358053343,1.0405183319240803,True,1.3350879868213323,55.69835990159009
12,0.1,0.3,0.1,0.9,-0.47257587691648145,-0.3637601826273596,0.5299794399105272,True,1.0025553168270087,28.958365218031094
13,0.1,0.3,0.1,0.95,-0.4595687379891834,-0.305850154842496,0.8361042277556647,True,1.2956729657448482,65.36753453012471
14,0.1,0.3,0.1,0.99,-0.4337967565494008,-0.1996127919156328,1.108474197222177,True,1.5422709537715777,68.69455547791364
15,0.1,0.3,0.2,0.9,-0.5578301554064047,-0.3761522081291083,0.8689747192626351,True,1.4268048746690398,48.84840751846948
16,0.1,0.3,0.2,0.95,-0.5562437854407756,-0.32403841916077525,1.006777619818688,True,1.5630214052594635,66.75752002481086
17,0.1,0.3,0.2,0.99,-0.5543126504173574,-0.26810398777634364,1.1367587950017726,True,1.69107144541913,74.52077338277945
18,0.1,0.6,0.05,0.9,-0.3075429136029274,-0.14186348337022825,0.2424220668943561,True,0.5499649804972835,16.431816518036612
19,0.1,0.6,0.05,0.95,-0.2875830296666516,-0.08535973399869605,0.6084201775907635,True,0.8960032072574151,22.502038223718756
20,0.1,0.6,0.05,0.99,-0.23904367624846437,0.1068110493010684,1.1569689299721893,True,1.3960126062206537,34.79158531552723
21,0.1,0.6,0.1,0.9,-0.41507758382988647,-0.24150481142610883,0.6465876695163533,True,1.0616652533462396,26.335972682640698
22,0.1,0.6,0.1,0.95,-0.41203837097370516,-0.18624248112028807,0.9621780568931747,True,1.3742164278668798,45.74659627176097
23,0.1,0.6,0.1,0.99,-0.39082292887400527,-0.05959310404554763,1.2590007478675223,True,1.6498236767415275,45.2489795290182
24,0.1,0.6,0.2,0.9,-0.524806525544814,-0.28420384662884846,1.0190943366166991,True,1.5439008621615131,40.72414332880645
25,0.1,0.6,0.2,0.95,-0.5312899683606236,-0.22594830493873727,1.1737786890949067,True,1.7050686574555303,48.75962737581541
26,0.1,0.6,0.2,0.99,-0.5342618873611158,-0.16429427348212555,1.3008102494388802,True,1.835072136799996,53.87561996057686
27,0.2,0.0,0.05,0.9,-0.4496365724501151,-0.38939297821407426,0.09948247247676426,True,0.5491190449268794,20.180070364656096
28,0.2,0.0,0.05,0.95,-0.4147153122259886,-0.34034946209412353,0.42542321266032773,True,0.8401385248863164,25.67730544417279
29,0.2,0.0,0.05,0.99,-0.33420906961832786,-0.1726017894638739,0.9162496985089543,True,1.2504587681272823,47.89832011624282
30,0.2,0.0,0.1,0.9,-0.5018830453042488,-0.41208111636775013,0.4111330568003626,True,0.9130161021046114,38.53778117408613
31,0.2,0.0,0.1,0.95,-0.48599837418253883,-0.3644353142644517,0.698125909881253,True,1.1841242840637918,43.0773182852707
32,0.2,0.0,0.1,0.99,-0.4567181114063842,-0.27943426945264627,0.9671191419634134,True,1.4238372533697976,81.51839124473403
33,0.2,0.0,0.2,0.9,-0.5664325349408437,-0.4120620442256402,0.7111091710690142,True,1.277541706009858,69.81398637877265
34,0.2,0.0,0.2,0.95,-0.5637677470119604,-0.3717058318045124,0.8525734206262969,True,1.4163411676382573,73.11852705276154
35,0.2,0.0,0.2,0.99,-0.5547951889237568,-0.3310351501810191,0.9808470502490243,True,1.535642239172781,85.54276153435661
36,0.2,0.3,0.05,0.9,-0.32990787010071065,-0.20742688463347717,0.19030934503137634,True,0.520217215132087,15.969866768518354
37,0.2,0.3,0.05,0.95,-0.31470016680700785,-0.14733578057444513,0.539200796727848,True,0.8539009635348559,26.822058387409584
38,0.2,0.3,0.05,0.99,-0.25504235484108195,0.022795741255259256,1.061508940437501,True,1.316551295278583,53.02176765742569
39,0.2,0.3,0.1,0.9,-0.4199760270495484,-0.29340129543576826,0.5580271825368212,True,0.9780032095863695,40.31821878439542
40,0.2,0.3,0.1,0.95,-0.41323128945990745,-0.2420410900628549,0.8603211374378537,True,1.2735524268977612,46.24957075069779
41,0.2,0.3,0.1,0.99,-0.3905505273988528,-0.12879212174828963,1.1305745819061084,True,1.5211251093049611,57.63388746265001
42,0.2,0.3,0.2,0.9,-0.5151261965117996,-0.320479490415501,0.8957112924668891,True,1.4108374889786885,66.50668480125915
43,0.2,0.3,0.2,0.95,-0.5133591069130454,-0.26842848977424094,1.0372595531812512,True,1.5506186600942966,63.08506311951566
44,0.2,0.3,0.2,0.99,-0.5109202849752232,-0.21634425171963173,1.1634033724777473,True,1.6743236574529705,71.56077387699537
45,0.2,0.6,0.05,0.9,-0.2433221268762223,-0.056854722972442574,0.2550873863777362,True,0.4984095132539585,17.975017145119327
46,0.2,0.6,0.05,0.95,-0.23041180269452938,-0.007780521204275787,0.6278077857676025,True,0.858219588462132,23.109158167207365
47,0.2,0.6,0.05,0.99,-0.18487659829223657,0.17458980781082514,1.1838596326585726,True,1.3687362309508093,28.159808097356223
48,0.2,0.6,0.1,0.9,-0.3596609219384047,-0.14550472091362704,0.6646057867060965,True,1.0242667086445012,28.2233704140827
49,0.2,0.6,0.1,0.95,-0.35657961185131526,-0.08911179193648704,0.9956671704422376,True,1.3522467822935529,37.54909219241908
50,0.2,0.6,0.1,0.99,-0.3416853256472643,0.03056777376721046,1.277448628368334,True,1.6191339540155982,56.845595482490566
51,0.2,0.6,0.2,0.9,-0.47951018799183764,-0.2100140000564584,1.0429098934014764,True,1.5224200813933142,46.46431927919186
52,0.2,0.6,0.2,0.95,-0.4866048429423747,-0.1562448977129734,1.179236816282824,True,1.6658416592251988,53.233869014183746
53,0.2,0.6,0.2,0.99,-0.4855732770547295,-0.09254030316510212,1.3228305428299807,True,1.80840381988471,47.820363873571544
54,0.4,0.0,0.05,0.9,-0.35036428104160644,-0.2702612249676373,0.1343835537328923,True,0.48474783477449873,16.619162385983053
55,0.4,0.0,0.05,0.95,-0.3195551927190511,-0.20516852950747871,0.4603762027043694,True,0.7799313954234205,27.02114501076535
56,0.4,0.0,0.05,0.99,-0.2604294588507684,-0.053804295730664586,0.9607503559829901,True,1.2211798148337585,36.64910526491897
57,0.4,0.0,0.1,0.9,-0.41923670282003195,-0.3227743840116912,0.4527178437070848,True,0.8719545465271168,34.99377920356195
58,0.4,0.0,0.1,0.95,-0.40637757385920353,-0.2741437657832781,0.7463812196000662,True,1.1527587934592698,53.959403438964195
59,0.4,0.0,0.1,0.99,-0.38636442453576303,-0.1822641274268213,1.0147613485465456,True,1.4011257730823088,58.25527384498221
60,0.4,0.0,0.2,0.9,-0.48842589676989734,-0.3428558387387971,0.7577973976992523,True,1.2462232944691496,67.85326896510558
61,0.4,0.0,0.2,0.95,-0.48784835640466506,-0.2982454891219482,0.9016075506135903,True,1.3894559070182555,75.43512326033256
62,0.4,0.0,0.2,0.99,-0.4841233095078087,-0.2493685801260425,1.0327760664433403,True,1.5168993759511489,79.11218792200211
63,0.4,0.3,0.05,0.9,-0.23099401148490623,-0.0466814192791704,0.21389506101314285,True,0.4448890724980491,13.660305951238183
64,0.4,0.3,0.05,0.95,-0.21004834157845625,-0.009573135043111625,0.5663983756592714,True,0.7764467172377276,20.408597311677614
65,0.4,0.3,0.05,0.99,-0.17785434468234992,0.14104412338345312,1.1060896794237458,True,1.2839440241060958,41.51889155386468
66,0.4,0.3,0.1,0.9,-0.32497466586889273,-0.1305296701127971,0.5878364345170114,True,0.9128111003859041,34.428783729043765
67,0.4,0.3,0.1,0.95,-0.3231240306931484,-0.08437822556952113,0.8979279717979607,True,1.2210520024911091,50.543838548063505
68,0.4,0.3,0.1,0.99,-0.31052427964452906,0.017079487907548915,1.1761307345646657,True,1.4866550142091948,53.12367832189589
69,0.4,0.3,0.2,0.9,-0.4257215872915651,-0.18999142273247377,0.9367164334709519,True,1.362438020762517,55.14075514676454
70,0.4,0.3,0.2,0.95,-0.43271373834679866,-0.14343175721334817,1.070858489865587,True,1.5035722282123858,65.16144237869598
71,0.4,0.3,0.2,0.99,-0.4337697049243504,-0.09373244029515373,1.211581321180267,True,1.6453510261046174,84.91187285127775
72,0.4,0.6,0.05,0.9,-0.10081963108731098,0.05125909899738342,0.2778580826100274,True,0.3786777136973384,8.396472232984873
73,0.4,0.6,0.05,0.95,-0.10027945368043518,0.09002986864569237,0.6556175354349911,True,0.7558969891154264,17.411657593532617
74,0.4,0.6,0.05,0.99,-0.076171080637727,0.2615881588608059,1.2284069490040197,True,1.3045780296417466,30.433987709487592
75,0.4,0.6,0.1,0.9,-0.2477375312754908,0.0005863212735710083,0.6910899718825205,True,0.9388275031580113,24.40704229886827
76,0.4,0.6,0.1,0.95,-0.2521399696511164,0.05682189176073253,1.015030961279336,True,1.2671709309304524,38.629799641837614
77,0.4,0.6,0.1,0.99,-0.2463224743238686,0.17265383686561833,1.3162991770849375,True,1.562621651408806,40.12913997181483
78,0.4,0.6,0.2,0.9,-0.3847556492631179,-0.05680427678564241,1.0799646557120821,True,1.4647203049752,40.43904354310862
79,0.4,0.6,0.2,0.95,-0.3951175392850676,0.0009501441577039465,1.2183810623153428,True,1.6134986016004105,44.92928537410935
80,0.4,0.6,0.2,0.99,-0.3955986696987305,0.056846838772658705,1.3714443043529276,True,1.767042974051658,46.327640594287594
