param,value,source,seed,mean_disposition,max_disposition,fight_count,first_fight_tick
memory_weight,0.1,gov,0,-0.42810473109214003,0.39823977904073793,393,701
memory_weight,0.1,gov,1,-0.45833835352141133,0.6622227966376986,402,711
memory_weight,0.1,gov,2,-0.4515167920330355,0.5475833871213551,376,704
memory_weight,0.1,gov,3,-0.4684628329241447,0.578884720333046,358,701
memory_weight,0.1,gov,4,-0.4627149933481214,0.5509398278832824,366,711
memory_weight,0.1,gov,5,-0.44840342444016834,0.6819305975046561,333,701
memory_weight,0.1,gov,6,-0.46644192957824965,0.6491165269325185,492,702
memory_weight,0.1,gov,7,-0.464536821056325,0.48177899992466655,267,701
memory_weight,0.1,gov,8,-0.4877177433488432,0.5790445070057119,428,702
memory_weight,0.1,gov,9,-0.459449758549395,0.5559166338228411,295,711
memory_weight,0.1,news,0,-0.2694310011772633,0.7365498093229026,2749,851
memory_weight,0.1,news,1,-0.3117565464483333,0.765965351967342,2632,1421
memory_weight,0.1,news,2,-0.28972047871990486,0.7225597269309577,3080,1421
memory_weight,0.1,news,3,-0.3109395406294364,0.8114534493944874,3624,1421
memory_weight,0.1,news,4,-0.3248457386993855,0.6375130479156104,2723,1422
memory_weight,0.1,news,5,-0.28685721815217263,0.771049664498357,3242,1421
memory_weight,0.1,news,6,-0.2896719995029384,0.808797015589211,3848,1262
memory_weight,0.1,news,7,-0.3331655241161251,0.7270047042973918,2723,1421
memory_weight,0.1,news,8,-0.3319896936014,0.8417139032830697,3500,1431
memory_weight,0.1,news,9,-0.31012380737800094,0.9071101811093524,3173,1431
memory_weight,0.1,reddit,0,0.8377811498209236,1.2876079427061575,31123,706
memory_weight,0.1,reddit,1,0.8256435035975047,1.289097214397172,31210,711
memory_weight,0.1,reddit,2,0.8486010376154977,1.3084541684226363,31922,705
memory_weight,0.1,reddit,3,0.8119079117476972,1.219273486356145,32507,703
memory_weight,0.1,reddit,4,0.823678125959863,1.2761725501648211,31231,706
memory_weight,0.1,reddit,5,0.8455260314156469,1.3015443312592803,31504,709
memory_weight,0.1,reddit,6,0.836581934399778,1.2908118400528905,32063,706
memory_weight,0.1,reddit,7,0.834609464910093,1.2871486362661573,31048,702
memory_weight,0.1,reddit,8,0.8473766196791399,1.2746401438967925,32520,705
memory_weight,0.1,reddit,9,0.8493364984105032,1.2993495733873133,32107,710
memory_weight,0.2,gov,0,-0.37505231401934913,0.5513019974331442,422,701
memory_weight,0.2,gov,1,-0.4215358259182401,0.6209251634860626,414,711
memory_weight,0.2,gov,2,-0.39630383571052047,0.6074929101715644,376,704
memory_weight,0.2,gov,3,-0.4283129224656975,0.4935071526131181,373,701
memory_weight,0.2,gov,4,-0.41841903388823687,0.5683738780125291,396,701
memory_weight,0.2,gov,5,-0.39629378299791784,0.6274562387425374,413,701
memory_weight,0.2,gov,6,-0.4240814192297323,0.6832575205455879,423,701
memory_weight,0.2,gov,7,-0.42554415964511294,0.5824199076570539,298,701
memory_weight,0.2,gov,8,-0.4164832491271461,0.5126279548711513,456,702
memory_weight,0.2,gov,9,-0.43028635159712136,0.6216445454941617,354,711
memory_weight,0.2,news,0,-0.20612838941865202,0.6355297548397849,2721,1431
memory_weight,0.2,news,1,-0.24210860631423523,0.8144879565559136,2809,1281
memory_weight,0.2,news,2,-0.234439263803664,0.7923731960693757,3191,1431
memory_weight,0.2,news,3,-0.25383332091255356,0.8130987913897606,3519,1421
memory_weight,0.2,news,4,-0.2603375460777564,0.7088213186092738,2860,852
memory_weight,0.2,news,5,-0.20271693027580276,0.8588083407082349,3019,1431
memory_weight,0.2,news,6,-0.24113185390210626,0.864051817122461,3787,1191
memory_weight,0.2,news,7,-0.2605845332686505,0.7884084634921423,2823,1281
memory_weight,0.2,news,8,-0.26824862987789516,0.9081641702345852,3596,1431
memory_weight,0.2,news,9,-0.2508818267772331,0.8605299021252307,3120,1421
memory_weight,0.2,reddit,0,0.8387719897235366,1.3047330156623789,31087,706
memory_weight,0.2,reddit,1,0.8664590374174299,1.324973639413314,31510,711
memory_weight,0.2,reddit,2,0.8774343700168605,1.3329402388616314,31971,708
memory_weight,0.2,reddit,3,0.8209193767915164,1.247147265680235,32371,702
memory_weight,0.2,reddit,4,0.8469576839889877,1.3280589551867257,31050,706
memory_weight,0.2,reddit,5,0.8858618500320057,1.3170174515215194,31637,709
memory_weight,0.2,reddit,6,0.8478357161250277,1.3225486029677014,31840,706
memory_weight,0.2,reddit,7,0.8657677936589555,1.3088498686182022,31478,701
memory_weight,0.2,reddit,8,0.8782130044824087,1.3205352185578108,32806,706
memory_weight,0.2,reddit,9,0.8749905521418087,1.3280540028666834,31949,710
memory_weight,0.4,gov,0,-0.3019481247959565,0.551156924171663,394,701
memory_weight,0.4,gov,1,-0.3169412456184385,0.6005827515474079,359,711
memory_weight,0.4,gov,2,-0.3069966733339583,0.6578806071438252,374,701
memory_weight,0.4,gov,3,-0.3436740963871186,0.6752396988355698,445,701
memory_weight,0.4,gov,4,-0.32730094459377645,0.5295963533987228,319,706
memory_weight,0.4,gov,5,-0.30776589981689695,0.7112584770850933,403,701
memory_weight,0.4,gov,6,-0.3229447051638122,0.7447339930050191,496,701
memory_weight,0.4,gov,7,-0.35181575656076597,0.5106110148874758,308,701
memory_weight,0.4,gov,8,-0.3268094557425536,0.6875270670871906,452,702
memory_weight,0.4,gov,9,-0.3250434049182069,0.645396364706528,344,711
memory_weight,0.4,news,0,-0.024754970214045133,0.7859324212678287,2930,1281
memory_weight,0.4,news,1,-0.09161618715212942,0.8621779565064152,3118,1191
memory_weight,0.4,news,2,-0.07483437106367856,0.7797006840086734,2981,1431
memory_weight,0.4,news,3,-0.09272249066669629,0.8769268570839179,3521,1431
memory_weight,0.4,news,4,-0.09708287391418062,0.8741030944952789,3123,1281
memory_weight,0.4,news,5,-0.046778536343720034,0.888976451714354,3142,911
memory_weight,0.4,news,6,-0.09714102763922809,0.929028194453959,3867,1421
memory_weight,0.4,news,7,-0.11699179702881517,0.8097268625570835,2984,911
memory_weight,0.4,news,8,-0.10809661314004819,0.8957110064905045,3672,1421
memory_weight,0.4,news,9,-0.0937633885326698,0.926411549992401,3154,1421
memory_weight,0.4,reddit,0,0.8768788890438158,1.3429715548896528,31184,706
memory_weight,0.4,reddit,1,0.8858774007693782,1.343491015684404,31183,710
memory_weight,0.4,reddit,2,0.9166528102825234,1.3814543380303113,31790,705
memory_weight,0.4,reddit,3,0.8673575184285905,1.2987643314774753,32463,702
memory_weight,0.4,reddit,4,0.8892503516557131,1.3397452381741957,31112,710
memory_weight,0.4,reddit,5,0.9046822510837988,1.3858143655355266,31504,709
memory_weight,0.4,reddit,6,0.8979378269255331,1.3416364253241724,31908,706
memory_weight,0.4,reddit,7,0.9003009675489982,1.35979307385838,31013,701
memory_weight,0.4,reddit,8,0.9198322558920543,1.3329156952294554,32613,705
memory_weight,0.4,reddit,9,0.920509446349201,1.392301544776097,32069,710
opinion_amplifier,0.0,gov,0,-0.4316182038812093,0.3534396680176593,351,701
opinion_amplifier,0.0,gov,1,-0.4908147057606321,0.3713142838630688,290,711
opinion_amplifier,0.0,gov,2,-0.4659481751121684,0.3723599660655217,285,704
opinion_amplifier,0.0,gov,3,-0.5161169635850469,0.3417951116600291,275,701
opinion_amplifier,0.0,gov,4,-0.49403780845524015,0.31089775257484936,308,708
opinion_amplifier,0.0,gov,5,-0.4869603914582061,0.40934125504655827,290,701
opinion_amplifier,0.0,gov,6,-0.4948320171091037,0.4852805972148386,445,702
opinion_amplifier,0.0,gov,7,-0.503095753344856,0.35499265535023505,284,702
opinion_amplifier,0.0,gov,8,-0.4931684846420029,0.5006122542073244,414,702
opinion_amplifier,0.0,gov,9,-0.48339123847692245,0.48293001432022176,266,711
opinion_amplifier,0.0,news,0,-0.30676208714772635,0.563704740058906,2632,1431
opinion_amplifier,0.0,news,1,-0.38907275487780496,0.5813360486845325,2820,1431
opinion_amplifier,0.0,news,2,-0.35427576800719174,0.5028555020990219,2958,1431
opinion_amplifier,0.0,news,3,-0.3773119584821288,0.5582940675433686,3374,1422
opinion_amplifier,0.0,news,4,-0.3863731039874063,0.5257132471972004,2737,1431
opinion_amplifier,0.0,news,5,-0.35740316769492025,0.6058220809894044,2980,1422
opinion_amplifier,0.0,news,6,-0.34816567074525745,0.647520622622162,3617,1424
opinion_amplifier,0.0,news,7,-0.3901279832318455,0.5074493797598738,2606,1421
opinion_amplifier,0.0,news,8,-0.37113794759559315,0.5909045492693437,3324,1431
opinion_amplifier,0.0,news,9,-0.3637227008746425,0.6797262827471212,3079,1441
opinion_amplifier,0.0,reddit,0,0.7099663109270126,1.1817087699864712,30765,706
opinion_amplifier,0.0,reddit,1,0.684441208309866,1.1237674084687566,31241,710
opinion_amplifier,0.0,reddit,2,0.7259251896601329,1.1701802790304112,31813,705
opinion_amplifier,0.0,reddit,3,0.691399597365149,1.140524019804402,32214,703
opinion_amplifier,0.0,reddit,4,0.6801254941922606,1.1435778111057453,31027,710
opinion_amplifier,0.0,reddit,5,0.7054141646019892,1.133447822801332,31149,710
opinion_amplifier,0.0,reddit,6,0.6793902914933818,1.1320374571041796,31749,706
opinion_amplifier,0.0,reddit,7,0.6943927441075843,1.1511158237215056,31237,703
opinion_amplifier,0.0,reddit,8,0.7011090539976637,1.1335861197612649,32225,709
opinion_amplifier,0.0,reddit,9,0.7090950441574901,1.1466212716562059,31965,711
opinion_amplifier,0.3,gov,0,-0.37505231401934913,0.5513019974331442,422,701
opinion_amplifier,0.3,gov,1,-0.4215358259182401,0.6209251634860626,414,711
opinion_amplifier,0.3,gov,2,-0.39630383571052047,0.6074929101715644,376,704
opinion_amplifier,0.3,gov,3,-0.4283129224656975,0.4935071526131181,373,701
opinion_amplifier,0.3,gov,4,-0.41841903388823687,0.5683738780125291,396,701
opinion_amplifier,0.3,gov,5,-0.39629378299791784,0.6274562387425374,413,701
opinion_amplifier,0.3,gov,6,-0.4240814192297323,0.6832575205455879,423,701
opinion_amplifier,0.3,gov,7,-0.42554415964511294,0.5824199076570539,298,701
opinion_amplifier,0.3,gov,8,-0.4164832491271461,0.5126279548711513,456,702
opinion_amplifier,0.3,gov,9,-0.43028635159712136,0.6216445454941617,354,711
opinion_amplifier,0.3,news,0,-0.20612838941865202,0.6355297548397849,2721,1431
opinion_amplifier,0.3,news,1,-0.24210860631423523,0.8144879565559136,2809,1281
opinion_amplifier,0.3,news,2,-0.234439263803664,0.7923731960693757,3191,1431
opinion_amplifier,0.3,news,3,-0.25383332091255356,0.8130987913897606,3519,1421
opinion_amplifier,0.3,news,4,-0.2603375460777564,0.7088213186092738,2860,852
opinion_amplifier,0.3,news,5,-0.20271693027580276,0.8588083407082349,3019,1431
opinion_amplifier,0.3,news,6,-0.24113185390210626,0.864051817122461,3787,1191
opinion_amplifier,0.3,news,7,-0.2605845332686505,0.7884084634921423,2823,1281
opinion_amplifier,0.3,news,8,-0.26824862987789516,0.9081641702345852,3596,1431
opinion_amplifier,0.3,news,9,-0.2508818267772331,0.8605299021252307,3120,1421
opinion_amplifier,0.3,reddit,0,0.8387719897235366,1.3047330156623789,31087,706
opinion_amplifier,0.3,reddit,1,0.8664590374174299,1.324973639413314,31510,711
opinion_amplifier,0.3,reddit,2,0.8774343700168605,1.3329402388616314,31971,708
opinion_amplifier,0.3,reddit,3,0.8209193767915164,1.247147265680235,32371,702
opinion_amplifier,0.3,reddit,4,0.8469576839889877,1.3280589551867257,31050,706
opinion_amplifier,0.3,reddit,5,0.8858618500320057,1.3170174515215194,31637,709
opinion_amplifier,0.3,reddit,6,0.8478357161250277,1.3225486029677014,31840,706
opinion_amplifier,0.3,reddit,7,0.8657677936589555,1.3088498686182022,31478,701
opinion_amplifier,0.3,reddit,8,0.8782130044824087,1.3205352185578108,32806,706
opinion_amplifier,0.3,reddit,9,0.8749905521418087,1.3280540028666834,31949,710
opinion_amplifier,0.6,gov,0,-0.3346815653755403,0.5704445553911964,367,701
opinion_amplifier,0.6,gov,1,-0.35347877939309763,0.7306156479891688,350,711
opinion_amplifier,0.6,gov,2,-0.3342860895236173,0.7296964488824272,359,701
opinion_amplifier,0.6,gov,3,-0.3787037956344662,0.6827234036529787,463,701
opinion_amplifier,0.6,gov,4,-0.34858451961206627,0.7818830522115294,419,711
opinion_amplifier,0.6,gov,5,-0.3326654477005703,0.7482860642671032,358,701
opinion_amplifier,0.6,gov,6,-0.36622438371470944,0.8053863616956605,430,701
opinion_amplifier,0.6,gov,7,-0.3808375113696224,0.6162021529876042,276,701
opinion_amplifier,0.6,gov,8,-0.3677295317514378,0.7609021084979531,492,702
opinion_amplifier,0.6,gov,9,-0.3686044944380247,0.9018601382768836,343,711
opinion_amplifier,0.6,news,0,-0.01759314222674513,0.9223637208468854,2997,1421
opinion_amplifier,0.6,news,1,-0.11262517060375844,0.9057309526165005,2689,1431
opinion_amplifier,0.6,news,2,-0.09132642643644306,0.9495707958295663,3001,1191
opinion_amplifier,0.6,news,3,-0.09696276611148152,1.0530348122153028,3563,1421
opinion_amplifier,0.6,news,4,-0.1130262076560541,0.9022511165323668,3079,1191
opinion_amplifier,0.6,news,5,-0.039770007002938215,1.0942336208194952,3104,1191
opinion_amplifier,0.6,news,6,-0.09619353490609923,1.0995169911219256,3769,771
opinion_amplifier,0.6,news,7,-0.1200535296468062,0.9016258042933757,2887,1281
opinion_amplifier,0.6,news,8,-0.09733610552179443,1.0330236700352917,3571,1421
opinion_amplifier,0.6,news,9,-0.1062310292527501,1.0449076139298037,3187,1421
opinion_amplifier,0.6,reddit,0,0.9725080415137243,1.4831918262685135,30900,706
opinion_amplifier,0.6,reddit,1,1.0115619841748447,1.5748530596386408,31264,711
opinion_amplifier,0.6,reddit,2,1.0097806703809051,1.6112221233561401,31871,705
opinion_amplifier,0.6,reddit,3,0.9212790723371816,1.387251332207779,32371,702
opinion_amplifier,0.6,reddit,4,0.9991526517537734,1.5794792500356984,31073,710
opinion_amplifier,0.6,reddit,5,1.0261247610055655,1.5950486487125328,31620,709
opinion_amplifier,0.6,reddit,6,0.9797403367415793,1.563308920340675,32091,706
opinion_amplifier,0.6,reddit,7,1.0067216564358297,1.5417020548576224,31105,701
opinion_amplifier,0.6,reddit,8,1.0108324397729322,1.5293540642055934,32887,705
opinion_amplifier,0.6,reddit,9,1.0189700903060406,1.617165672062036,32226,710
affect_eim_alpha,0.05,gov,0,-0.28595751477976117,0.2517816640805972,201,711
affect_eim_alpha,0.05,gov,1,-0.3191286669847834,0.32826356903885895,137,711
affect_eim_alpha,0.05,gov,2,-0.31115340779512957,0.2846566616664433,164,713
affect_eim_alpha,0.05,gov,3,-0.35002403409962257,0.2963605771881868,217,711
affect_eim_alpha,0.05,gov,4,-0.3144437060688913,0.3171132432678397,209,711
affect_eim_alpha,0.05,gov,5,-0.2924838575031788,0.36651505834042986,240,711
affect_eim_alpha,0.05,gov,6,-0.30804790830838186,0.4473492798472431,327,711
affect_eim_alpha,0.05,gov,7,-0.3236249635089571,0.3135578121702749,208,701
affect_eim_alpha,0.05,gov,8,-0.33256709913767885,0.27072555975089313,218,711
affect_eim_alpha,0.05,gov,9,-0.30957050988369433,0.4067848685756308,167,721
affect_eim_alpha,0.05,news,0,-0.12333583060065754,0.3661295544594204,1362,791
affect_eim_alpha,0.05,news,1,-0.13299127902851174,0.4727273502392264,1306,911
affect_eim_alpha,0.05,news,2,-0.13882538644587505,0.424524801746554,1463,851
affect_eim_alpha,0.05,news,3,-0.1627121256341556,0.5572173674863307,1701,781
affect_eim_alpha,0.05,news,4,-0.13397592836133387,0.4312566090393858,1413,751
affect_eim_alpha,0.05,news,5,-0.09223504412896706,0.5554507559721533,1574,761
affect_eim_alpha,0.05,news,6,-0.17448520722652658,0.6052975636814042,2112,1191
affect_eim_alpha,0.05,news,7,-0.1717114258498731,0.40168269470448076,1301,751
affect_eim_alpha,0.05,news,8,-0.2005526980913898,0.4754033889639343,1761,781
affect_eim_alpha,0.05,news,9,-0.14253288037716075,0.47838352625588626,1355,1431
affect_eim_alpha,0.05,reddit,0,0.5310920464636347,1.0937805580359539,20003,711
affect_eim_alpha,0.05,reddit,1,0.5302667115524405,1.0030691471872004,20384,711
affect_eim_alpha,0.05,reddit,2,0.5613131507944353,1.1058097506824014,21264,712
affect_eim_alpha,0.05,reddit,3,0.524471392379587,0.9984227265498083,23017,711
affect_eim_alpha,0.05,reddit,4,0.5092174921578678,1.0234247739799074,19898,711
affect_eim_alpha,0.05,reddit,5,0.5331942237310872,1.059838143841462,20620,711
affect_eim_alpha,0.05,reddit,6,0.5096925447675403,0.99620417923811,21829,711
affect_eim_alpha,0.05,reddit,7,0.5332267810490182,1.076055173380626,20112,711
affect_eim_alpha,0.05,reddit,8,0.5739239474879655,1.0960514169732951,22786,711
affect_eim_alpha,0.05,reddit,9,0.5856096768949047,1.1385877070084687,22056,711
affect_eim_alpha,0.1,gov,0,-0.37505231401934913,0.5513019974331442,422,701
affect_eim_alpha,0.1,gov,1,-0.4215358259182401,0.6209251634860626,414,711
affect_eim_alpha,0.1,gov,2,-0.39630383571052047,0.6074929101715644,376,704
affect_eim_alpha,0.1,gov,3,-0.4283129224656975,0.4935071526131181,373,701
affect_eim_alpha,0.1,gov,4,-0.41841903388823687,0.5683738780125291,396,701
affect_eim_alpha,0.1,gov,5,-0.39629378299791784,0.6274562387425374,413,701
affect_eim_alpha,0.1,gov,6,-0.4240814192297323,0.6832575205455879,423,701
affect_eim_alpha,0.1,gov,7,-0.42554415964511294,0.5824199076570539,298,701
affect_eim_alpha,0.1,gov,8,-0.4164832491271461,0.5126279548711513,456,702
affect_eim_alpha,0.1,gov,9,-0.43028635159712136,0.6216445454941617,354,711
affect_eim_alpha,0.1,news,0,-0.20612838941865202,0.6355297548397849,2721,1431
affect_eim_alpha,0.1,news,1,-0.24210860631423523,0.8144879565559136,2809,1281
affect_eim_alpha,0.1,news,2,-0.234439263803664,0.7923731960693757,3191,1431
affect_eim_alpha,0.1,news,3,-0.25383332091255356,0.8130987913897606,3519,1421
affect_eim_alpha,0.1,news,4,-0.2603375460777564,0.7088213186092738,2860,852
affect_eim_alpha,0.1,news,5,-0.20271693027580276,0.8588083407082349,3019,1431
affect_eim_alpha,0.1,news,6,-0.24113185390210626,0.864051817122461,3787,1191
affect_eim_alpha,0.1,news,7,-0.2605845332686505,0.7884084634921423,2823,1281
affect_eim_alpha,0.1,news,8,-0.26824862987789516,0.9081641702345852,3596,1431
affect_eim_alpha,0.1,news,9,-0.2508818267772331,0.8605299021252307,3120,1421
affect_eim_alpha,0.1,reddit,0,0.8387719897235366,1.3047330156623789,31087,706
affect_eim_alpha,0.1,reddit,1,0.8664590374174299,1.324973639413314,31510,711
affect_eim_alpha,0.1,reddit,2,0.8774343700168605,1.3329402388616314,31971,708
affect_eim_alpha,0.1,reddit,3,0.8209193767915164,1.247147265680235,32371,702
affect_eim_alpha,0.1,reddit,4,0.8469576839889877,1.3280589551867257,31050,706
affect_eim_alpha,0.1,reddit,5,0.8858618500320057,1.3170174515215194,31637,709
affect_eim_alpha,0.1,reddit,6,0.8478357161250277,1.3225486029677014,31840,706
affect_eim_alpha,0.1,reddit,7,0.8657677936589555,1.3088498686182022,31478,701
affect_eim_alpha,0.1,reddit,8,0.8782130044824087,1.3205352185578108,32806,706
affect_eim_alpha,0.1,reddit,9,0.8749905521418087,1.3280540028666834,31949,710
affect_eim_alpha,0.2,gov,0,-0.4747252061740093,0.9149166076165222,797,701
affect_eim_alpha,0.2,gov,1,-0.5182485113802898,1.060521955147217,765,701
affect_eim_alpha,0.2,gov,2,-0.5001438529048446,1.005484013092749,847,701
affect_eim_alpha,0.2,gov,3,-0.5370486368761694,0.9368823042779272,954,701
affect_eim_alpha,0.2,gov,4,-0.5185734129651564,1.0830192585842444,804,701
affect_eim_alpha,0.2,gov,5,-0.5006101116220071,1.047735904443541,824,701
affect_eim_alpha,0.2,gov,6,-0.5153200299771047,0.9984958653048871,912,701
affect_eim_alpha,0.2,gov,7,-0.5186400497413816,1.0297044331009892,752,701
affect_eim_alpha,0.2,gov,8,-0.5210717325267462,1.0597314471914778,962,701
affect_eim_alpha,0.2,gov,9,-0.5292095249627452,1.1116323227286016,773,701
affect_eim_alpha,0.2,news,0,-0.24204021683208182,1.172822167415056,4484,1422
affect_eim_alpha,0.2,news,1,-0.2753935294179067,1.1520020739140515,4553,1421
affect_eim_alpha,0.2,news,2,-0.26236128945781645,1.1699335657251413,4910,1421
affect_eim_alpha,0.2,news,3,-0.27683511304848657,1.141632985426401,5294,1421
affect_eim_alpha,0.2,news,4,-0.2759874271517405,1.118251555598102,4778,1421
affect_eim_alpha,0.2,news,5,-0.2502478171187271,1.1360553967034461,5065,1421
affect_eim_alpha,0.2,news,6,-0.2678821113747917,1.0895560201043577,5064,1291
affect_eim_alpha,0.2,news,7,-0.2826334776902097,1.199916206873518,4684,1271
affect_eim_alpha,0.2,news,8,-0.2757349035439167,1.1149030123962553,5465,1421
affect_eim_alpha,0.2,news,9,-0.27516901210673184,1.2066491464452487,4874,1431
affect_eim_alpha,0.2,reddit,0,1.046409461174282,1.4512025942875642,35369,701
affect_eim_alpha,0.2,reddit,1,1.0326346029623379,1.435239129706086,35219,704
affect_eim_alpha,0.2,reddit,2,1.0506759964453647,1.4596316299610843,35622,701
affect_eim_alpha,0.2,reddit,3,0.9915173726605425,1.3722709793427916,36117,701
affect_eim_alpha,0.2,reddit,4,1.0418986166916264,1.431423480618182,35447,701
affect_eim_alpha,0.2,reddit,5,1.0475149443181673,1.4490171134436018,35517,702
affect_eim_alpha,0.2,reddit,6,1.0331820171985313,1.4184747147912626,35847,701
affect_eim_alpha,0.2,reddit,7,1.0476252031954858,1.4393415500875366,35280,701
affect_eim_alpha,0.2,reddit,8,1.0393697733856624,1.4220287317298068,36451,702
affect_eim_alpha,0.2,reddit,9,1.0417675437805112,1.4358406198759486,35667,703
affect_decay,0.9,gov,0,-0.38556132981037944,0.3522725327314824,86,701
affect_decay,0.9,gov,1,-0.4080806644418509,0.30969268370709013,69,711
affect_decay,0.9,gov,2,-0.41624697251437565,0.2600356662576877,47,712
affect_decay,0.9,gov,3,-0.43639090756945764,0.3049351409835152,86,701
affect_decay,0.9,gov,4,-0.42533370449410407,0.27889748118005725,71,711
affect_decay,0.9,gov,5,-0.4071954765513226,0.29484648456492635,90,711
affect_decay,0.9,gov,6,-0.42970170309989997,0.37063131637868885,92,701
affect_decay,0.9,gov,7,-0.41846080289641724,0.29835786294970373,69,701
affect_decay,0.9,gov,8,-0.4469756474513373,0.32033918627921637,71,711
affect_decay,0.9,gov,9,-0.42581306166633925,0.2641159025725291,51,771
affect_decay,0.9,news,0,-0.2532197785803553,0.4370398347542017,888,1431
affect_decay,0.9,news,1,-0.31858322587781807,0.3953071111646079,578,1431
affect_decay,0.9,news,2,-0.2738819244650552,0.40711974438358595,648,1431
affect_decay,0.9,news,3,-0.306548741880085,0.38031312515936316,775,1441
affect_decay,0.9,news,4,-0.2903221827287579,0.36646010498490084,853,781
affect_decay,0.9,news,5,-0.2626728051820019,0.5283221100022765,730,781
affect_decay,0.9,news,6,-0.3140570393592098,0.5565935287578663,1122,1421
affect_decay,0.9,news,7,-0.291053793456575,0.4039571887935227,685,1421
affect_decay,0.9,news,8,-0.310700662240785,0.3820469392643049,1000,1431
affect_decay,0.9,news,9,-0.3129728005870395,0.3799848660515378,505,1431
affect_decay,0.9,reddit,0,0.5512802807095835,1.1698716356680923,19643,711
affect_decay,0.9,reddit,1,0.5351553749949048,1.1241662332856281,20070,711
affect_decay,0.9,reddit,2,0.5516370878984526,1.157418394680144,20629,711
affect_decay,0.9,reddit,3,0.5411029932187783,1.1007157190236185,22084,711
affect_decay,0.9,reddit,4,0.5461901428438173,1.1465376677380945,20000,711
affect_decay,0.9,reddit,5,0.570644449619491,1.1551349533674249,20526,711
affect_decay,0.9,reddit,6,0.5693871517101692,1.147815808432587,21284,711
affect_decay,0.9,reddit,7,0.5492065218962497,1.1706400699390713,19929,711
affect_decay,0.9,reddit,8,0.5819275659265057,1.1448946138152238,22106,711
affect_decay,0.9,reddit,9,0.5837402565502593,1.188594840369133,21148,711
affect_decay,0.95,gov,0,-0.37505231401934913,0.5513019974331442,422,701
affect_decay,0.95,gov,1,-0.4215358259182401,0.6209251634860626,414,711
affect_decay,0.95,gov,2,-0.39630383571052047,0.6074929101715644,376,704
affect_decay,0.95,gov,3,-0.4283129224656975,0.4935071526131181,373,701
affect_decay,0.95,gov,4,-0.41841903388823687,0.5683738780125291,396,701
affect_decay,0.95,gov,5,-0.39629378299791784,0.6274562387425374,413,701
affect_decay,0.95,gov,6,-0.4240814192297323,0.6832575205455879,423,701
affect_decay,0.95,gov,7,-0.42554415964511294,0.5824199076570539,298,701
affect_decay,0.95,gov,8,-0.4164832491271461,0.5126279548711513,456,702
affect_decay,0.95,gov,9,-0.43028635159712136,0.6216445454941617,354,711
affect_decay,0.95,news,0,-0.20612838941865202,0.6355297548397849,2721,1431
affect_decay,0.95,news,1,-0.24210860631423523,0.8144879565559136,2809,1281
affect_decay,0.95,news,2,-0.234439263803664,0.7923731960693757,3191,1431
affect_decay,0.95,news,3,-0.25383332091255356,0.8130987913897606,3519,1421
affect_decay,0.95,news,4,-0.2603375460777564,0.7088213186092738,2860,852
affect_decay,0.95,news,5,-0.20271693027580276,0.8588083407082349,3019,1431
affect_decay,0.95,news,6,-0.24113185390210626,0.864051817122461,3787,1191
affect_decay,0.95,news,7,-0.2605845332686505,0.7884084634921423,2823,1281
affect_decay,0.95,news,8,-0.26824862987789516,0.9081641702345852,3596,1431
affect_decay,0.95,news,9,-0.2508818267772331,0.8605299021252307,3120,1421
affect_decay,0.95,reddit,0,0.8387719897235366,1.3047330156623789,31087,706
affect_decay,0.95,reddit,1,0.8664590374174299,1.324973639413314,31510,711
affect_decay,0.95,reddit,2,0.8774343700168605,1.3329402388616314,31971,708
affect_decay,0.95,reddit,3,0.8209193767915164,1.247147265680235,32371,702
affect_decay,0.95,reddit,4,0.8469576839889877,1.3280589551867257,31050,706
affect_decay,0.95,reddit,5,0.8858618500320057,1.3170174515215194,31637,709
affect_decay,0.95,reddit,6,0.8478357161250277,1.3225486029677014,31840,706
affect_decay,0.95,reddit,7,0.8657677936589555,1.3088498686182022,31478,701
affect_decay,0.95,reddit,8,0.8782130044824087,1.3205352185578108,32806,706
affect_decay,0.95,reddit,9,0.8749905521418087,1.3280540028666834,31949,710
affect_decay,0.99,gov,0,-0.3651816531533037,0.9979999784210422,1225,701
affect_decay,0.99,gov,1,-0.39892128703066837,0.9731135686356309,1177,706
affect_decay,0.99,gov,2,-0.37650272183475214,1.0620635689776503,1326,702
affect_decay,0.99,gov,3,-0.4119626906372332,1.0472804831429932,1575,701
affect_decay,0.99,gov,4,-0.39606363425066643,0.979021195439758,1183,701
affect_decay,0.99,gov,5,-0.38101848313720105,1.0307010600052957,1345,701
affect_decay,0.99,gov,6,-0.387196528111202,1.0322504428468324,1569,701
affect_decay,0.99,gov,7,-0.40210118240914094,1.0294811338083614,1022,701
affect_decay,0.99,gov,8,-0.40122506679045383,1.0652449094381393,1318,702
affect_decay,0.99,gov,9,-0.38533202663390637,1.1170667940159211,1347,705
affect_decay,0.99,news,0,-0.07815169956741176,1.2960589457182383,6367,1421
affect_decay,0.99,news,1,-0.12433109279198881,1.239560872127807,6417,1271
affect_decay,0.99,news,2,-0.12336047229348195,1.3182514434982462,6604,781
affect_decay,0.99,news,3,-0.1510291558175413,1.2524700585541424,6889,1261
affect_decay,0.99,news,4,-0.13893080221336898,1.2661800889436108,6321,781
affect_decay,0.99,news,5,-0.1023692361217741,1.3141028657423368,6710,771
affect_decay,0.99,news,6,-0.14344442969478516,1.252950152559215,6823,1201
affect_decay,0.99,news,7,-0.13906972567048068,1.3180592764453756,6398,1111
affect_decay,0.99,news,8,-0.15400938795862232,1.2828696631499985,6963,1261
affect_decay,0.99,news,9,-0.13322521535344115,1.3256290216776645,6993,1421
affect_decay,0.99,reddit,0,1.1194347684950594,1.5318606714723761,38221,703
affect_decay,0.99,reddit,1,1.1297529414381284,1.491340076368373,38264,707
affect_decay,0.99,reddit,2,1.1596660876034155,1.5087380765598102,38795,703
affect_decay,0.99,reddit,3,1.0917242127021847,1.451629540740156,38931,701
affect_decay,0.99,reddit,4,1.1366073656653877,1.5016858222767613,38170,704
affect_decay,0.99,reddit,5,1.1471442343249703,1.5136832409731968,38387,705
affect_decay,0.99,reddit,6,1.0979147365798176,1.46171497489276,38593,702
affect_decay,0.99,reddit,7,1.1484803231793883,1.5187899178228905,38327,701
affect_decay,0.99,reddit,8,1.1270747974070352,1.4845331599246268,38886,704
affect_decay,0.99,reddit,9,1.1479463516656958,1.5130224656920808,38940,707
